,disk,memory,client,storage,metadata,memoryadmin,diskadmin,admin,nvme1,nvme2
10,18.5892063,19.15636845,0,0.78578761,0,4.6969388,0,0.2862187,1.095983549,1.095983549
9,10.75353535,13.42375,0,2.302,10.68521739,3.995,0,0.468,0.1966667,0.1966667
8,8.9255,0,0,0.84375,0.4357143,2.362,0,1.029166667,1.117380967,1.117380967
