Type,Areas
Disk,74992.91666666667
Disk,70748.08333333333
Disk,70057.00000000003
Memory,51735.41666666667
Memory,52862.333333333314
Memory,52389.583333333336